col1,index,degree,popt0,popt1,popt2,popt3,popt4,popt5,popt6,popt7,popt8,popt9,popt10,popt11,popt12,popt13,popt14,popt15,popt16,popt17,popt18,popt19,popt20,popt21,popt22,popt23,popt24,popt25,popt26,popt27,popt28,popt29,popt30,popt31,popt32,popt33,popt34,popt35,popt36,popt37,popt38,popt39,popt40,popt41,popt42,popt43,popt44,popt45,popt46,popt47,popt48,popt49,popt50,popt51,popt52,popt53,popt54,popt55,popt56,popt57,popt58,popt59,popt60,popt61,popt62,popt63,popt64,popt65,popt66,popt67,popt68,popt69,popt70,popt71,popt72,popt73,popt74,popt75,popt76,popt77,popt78,popt79,popt80,templatebin,bin_threshold_lo,bin_threshold_hi,filter,n_rrls_in_bin,n_phasepoints_in_bin,npixels_x,npixels_y,n_bins_to_average_for_density,overall_sigma,pulsation_type
0,0,11,0.5076410228172038,7.930456718776625,-0.0877241021620198,4.8006228984735335,0.03890364647285311,14.124068057817073,0.02970108348265618,14.408819613801684,-0.02016945198474569,11.026289114800548,0.013415603348623932,1.128482578030236,0.007683409668890519,0.6369456528920436,0.004652451095246312,-0.04444249643257164,0.0030512534745189275,-0.7244462062706913,-0.0022553556161428526,-23.453382300436314,-0.001712031661130201,0.74315489510796,0.03249322749085326,,,,,,,,,,,,,,,,,,,,,,,,,,,,,,,,,,,,,,,,,,,,,,,,,,,,,,,,,,,0,0.23,0.31,2,1065,353886,200,300,10,2.1096334173223153E-4,1
1,1,9,0.5093184248258106,7.877091354067025,0.0629324981298619,1.6243521439570532,-0.03424280227858952,-1.3051567288679287,-0.017006826839331725,-0.9823733972165307,-0.009940100148310014,-1.0794226216689156,-0.006305158399937247,-1.2519604265387065,0.0037537173251028354,1.534595411310483,0.002056120661377228,1.3381506759315591,0.0012459036473688062,0.8222356049627866,0.030107007585631798,,,,,,,,,,,,,,,,,,,,,,,,,,,,,,,,,,,,,,,,,,,,,,,,,,,,,,,,,,,,,,,1,0.31,0.39,2,1966,705748,200,300,10,9.496709575078674E-5,1
2,2,10,0.5061069362664481,7.888228738479655,0.07575666594108464,14.195351106603672,-0.03953690553624084,-1.5560018680341117,-0.013914311943701494,-0.8322922390347584,-0.007361373434908472,-0.7142683982535619,-0.007630726833010746,-0.4040746848394435,-0.006375283770720783,-0.3339889395618882,-0.0036093866755656017,-0.12126383989021085,-0.004458577012311942,-0.8434370702570889,-0.003154836888071267,-1.3701223441528456,0.03348628982926923,,,,,,,,,,,,,,,,,,,,,,,,,,,,,,,,,,,,,,,,,,,,,,,,,,,,,,,,,,,,,2,0.39,0.43,2,29,11401,100,150,10,8.309031418540995E-4,1
3,3,10,0.5016638492204702,7.892312696926543,0.08808580972445668,7.900332643431813,-0.03945915449642881,-1.5969877185919634,-0.025911042967832015,-1.329660599486377,0.01810362708008654,14.215137347174506,0.012093663764227824,1.1838706862537447,0.006845383307979909,0.7109001616772255,0.00350311280380104,0.27566469767662727,0.0021555739739984687,-0.48665110078797424,-9.009442015811337E-4,7.7820058544267,0.02165025146791871,,,,,,,,,,,,,,,,,,,,,,,,,,,,,,,,,,,,,,,,,,,,,,,,,,,,,,,,,,,,,0,0.23,0.31,3,884,510279,200,300,10,2.063076169346939E-4,1
4,4,9,0.5034560758810454,1.56761224782445,0.06691744263896743,1.642449675097709,-0.03554074582280904,-1.2898029430814797,-0.01767858987262674,-1.053538244866504,-0.010202803725910007,-1.0591507254800008,0.006577775678606924,-4.408925596460329,-0.0037201190318303166,-1.4600124241703032,0.002068554604922785,1.3840860589014654,0.0010242248955825257,1.329359115263348,0.0209345477896113,,,,,,,,,,,,,,,,,,,,,,,,,,,,,,,,,,,,,,,,,,,,,,,,,,,,,,,,,,,,,,,1,0.31,0.39,3,1598,918102,200,300,10,1.7449101079469384E-4,1
5,5,8,0.4912547362343432,1.5992518034091816,0.07180267475296857,1.6390881699054183,-0.038984860445892854,-1.3667418813813466,-0.014174735948720563,-1.1682245500364872,-0.0075340361551967565,-1.0144016943796899,-0.005666251284444271,-1.067129752701372,-0.001999874476987286,-0.5353880271552769,0.0012110959324623373,-0.1471599924632895,0.017901067616792235,,,,,,,,,,,,,,,,,,,,,,,,,,,,,,,,,,,,,,,,,,,,,,,,,,,,,,,,,,,,,,,,,2,0.39,0.43,3,28,16408,100,150,10,0.0017113160517233433,1
6,6,11,0.4893621220390426,7.879473416254728,0.09177651686222936,7.933063901127567,-0.037356920461098043,4.631231448826745,0.021221521382237606,-4.41112489229904,-0.016423848829504227,11.085343286806918,0.010366361116804081,1.2860934400383974,0.0064954971496325,0.7580665465121313,0.004769483765974023,0.2685956269096344,0.0033905324652938537,-0.6810591052914658,0.002469312129709196,0.5278581023377505,9.693417236759714E-4,0.1371401547796007,0.016226223607388884,,,,,,,,,,,,,,,,,,,,,,,,,,,,,,,,,,,,,,,,,,,,,,,,,,,,,,,,,,,0,0.23,0.31,4,97,16553,100,100,10,6.13615117761806E-4,1
7,7,9,0.4966202395365445,7.827181564392027,0.07627035517625397,1.641327524240944,0.03400535255281116,1.8021481038938965,-0.01999130811521267,-1.212426746109239,-0.010326131781234116,-0.9667069288453172,-0.007007856348714094,-1.2248171396977585,-0.004922358678063155,-1.2412669046837952,0.003490844206215393,1.3687334416612416,0.0037607413287723407,0.9321396483860138,0.015717604158361403,,,,,,,,,,,,,,,,,,,,,,,,,,,,,,,,,,,,,,,,,,,,,,,,,,,,,,,,,,,,,,,1,0.31,0.39,4,150,21592,100,100,10,9.184785996436744E-4,1
8,8,5,0.5002551350258534,1.5005591211347364,0.06804540403047789,1.7357311694764128,-0.03513840265639746,-1.268915989382758,-0.00909584163957309,-1.2502513397633612,-0.009214274354641528,0.7469540802021066,0.017769631064595535,,,,,,,,,,,,,,,,,,,,,,,,,,,,,,,,,,,,,,,,,,,,,,,,,,,,,,,,,,,,,,,,,,,,,,,2,0.39,0.43,4,5,755,100,150,10,0.0031191847827600648,1
0,9,15,-0.33889874064829695,-1.1482088422468086,0.18211191216067604,7.856779160274644,-0.1186854537447218,4.670089018134552,0.07392208922331622,1.4132450537897792,0.05045100839559548,1.3897422590503745,0.033820214239587365,1.2875597570458357,0.02472014188546237,1.1160532542852748,0.018647520885449426,1.0441090828464494,0.015884349044662054,0.9852617877634671,0.011561539572581018,0.9153935890056375,0.008861682700588056,0.7185434255839155,0.004985699815716738,0.4592008142813484,0.0036050545096848003,0.5633600107934658,0.003533864671596145,0.3913236805292808,0.0027383789663713554,0.07316914946826515,0.06160184665495139,,,,,,,,,,,,,,,,,,,,,,,,,,,,,,,,,,,,,,,,,,,,,,,,,,,0,0.35,0.41,2,52,15374,200,300,10,6.436029648942136E-4,0
1,10,24,-0.3546198262406997,-1.0876872785364764,0.16248182931958513,7.86250855285504,-0.12057269169662249,4.574925773722838,-0.07645990823582667,4.528062040402266,0.05492506005265622,1.2916690873543053,0.03965730254135416,1.2617991704399787,0.02588913808593758,1.2114764799462612,0.017451325365263573,1.0628079849094108,0.013087153764182142,0.8366168164582034,0.010296904341792,0.7146161724091873,0.008057150363586523,0.6439300496443007,0.0053787915616045345,0.6542561603919759,0.003641252169812568,0.5993174429615715,0.002237741803186305,0.417506377661024,0.0018276989983118943,0.2301372608497146,0.0010580673747436762,-0.26315354063428525,5.063667136890028E-4,-0.33005101849461954,7.678560503984709E-4,-7.658973055543664,-5.52157562846261E-4,1.0882217920515138,-7.904501403039889E-4,0.388202155904229,-0.0010010178087945685,0.35349280410161255,-0.0013367981275839984,-0.18050191212289904,-0.0011989003320213123,-0.41151399215338547,-9.399772742259252E-4,-0.3546573605439951,0.06693138739687333,,,,,,,,,,,,,,,,,,,,,,,,,,,,,,,,,1,0.41,0.47,2,775,240306,300,500,8,2.5306826203854766E-4,0
2,11,13,-0.35197292757483434,-1.1050589758748055,0.1609627321366551,1.5699171058031267,0.12033886897720932,1.4362862389822706,0.07736238407359979,1.3586038830659308,0.05517285552183322,1.2980565749547985,0.03751928239740274,1.265652905456081,0.023696907628399027,1.1799995302003765,0.016056941584335235,1.0025189022728913,0.011790299490245416,0.8488521743702987,0.008776668068170769,0.7851888669711292,0.006061452729996703,0.7431156311546214,0.003781703465572295,0.7411274058273978,0.0019968938370204374,0.6883046324976138,0.05871550819729894,,,,,,,,,,,,,,,,,,,,,,,,,,,,,,,,,,,,,,,,,,,,,,,,,,,,,,,2,0.47,0.53,2,2307,745647,300,500,10,2.9363361847239473E-4,0
3,12,39,-0.35060210606572906,-1.1751659119752986,0.16751761105540397,1.5005581794417633,0.11922916447143413,1.405160019140207,0.07642789336619756,1.3379438553429377,0.0475866902607897,1.3295926588842917,0.026333662102202064,1.2228832466421908,0.015828728959442796,1.0239441577596784,0.010556384365930968,0.9402369178992754,0.006696238644759462,0.974237090505304,0.003391626021062732,1.219017310831691,-0.0015748689044863767,-1.2039614809047516,-0.0021276949909831712,-0.12281586642865937,-0.003228851416565894,0.08479893593980899,-0.0037010533374435143,0.05884936227731796,-0.004195790386107648,0.0352896280144134,-0.00429304614463782,-0.07802296946500295,-0.004691947197214236,-0.22764666619575108,-0.00533326799781857,-0.31453833767314815,-0.00495466304388062,-0.4485890020867483,-0.00471612608978559,-0.660607357754101,-0.004718704235465128,-0.7977130479770829,-0.004338655999305801,-0.9529380995621061,-0.0042494505059050185,-1.1538446893569048,-0.0035398307466618264,-1.1740752468789357,-0.0034826717850918415,-7.6870103012163735,-0.0033415777760232275,-1.4797881175664738,0.0029709681392744436,1.5260630000470394,0.0024909481279783087,1.2770771956657576,0.0024854217645727318,1.0567167476311718,0.0021799629567736166,0.9727137764574318,0.0019673317361237927,0.7187123686133464,0.0014453916668672236,0.36049168355265937,0.001153818339456011,0.30783093799164146,0.001204560905428304,0.30185550037102366,8.531725760724374E-4,0.07392306978489446,6.864126154780618E-4,-0.16816402711406508,1.698263701994833E-4,-0.30520796136457173,-2.758354326390085E-4,1.4408637437308678,-2.4198066747956726E-4,0.6414845133143459,0.04715731904310171,,,3,0.53,0.59,2,3541,1178347,500,500,8,1.7326001733759496E-4,0
4,13,29,0.3641063947593032,-4.390933320187436,-0.16968724793365203,4.576389152402567,0.11196286475962476,1.333406959548779,0.06407383924155698,1.3058528250878485,-0.031085307268700877,4.469253810442994,0.014741350739895215,1.3112207565603475,-0.008239956762224375,4.652649183257479,-0.006142663397219281,-7.515538514628812,-0.005772032890128468,-0.9184994465308302,-0.005359619783333682,-0.7299128121881294,-0.005740395588168187,-0.5557039394364427,-0.005872142287473002,-0.4663430192866433,-0.006722147755000724,-0.4468415707442505,-0.006860380488629492,-0.45791095691916034,-0.00707125149942144,-0.6990601174237361,-0.006560112118936446,-0.9549164641417803,-0.005595098710844868,-1.160677271524469,-0.0050383382017655035,-1.369959482944036,0.004509319972413011,1.6480605971576452,0.004026971526795502,1.5024835555752707,0.003711774964366501,1.3985626258023993,0.0036755291286307426,1.1536195897334143,0.0032031282982739194,0.7425527126610435,0.0021047664781139452,0.41226249520196145,0.001808976090011066,0.1559874584721706,0.0015837721332285276,-0.10522452932046736,7.131936415804936E-4,0.08150358475811623,8.674947704458968E-4,-0.06606377831976258,9.03455075593606E-4,-0.9559341080264057,0.04068509731536183,,,,,,,,,,,,,,,,,,,,,,,4,0.59,0.62,2,1973,680613,200,300,10,3.6122637025365177E-4,0
5,14,19,0.3819072113031533,-4.440904771191007,-0.16486709175579917,4.534624003527606,0.09888222938290532,1.2960986820283844,-0.04917972553768998,4.497010658979216,-0.022754102092196603,4.643830112498576,0.012723936314777808,1.65487014069932,-0.009155361599763217,-1.3245054770302607,-0.00762694173185807,-1.0517760561783873,-0.0066375912697646125,-1.0349107387278578,-0.005333791635133977,-0.9412114911366104,-0.005291531436937,-0.7437823197366805,-0.00549434727579548,-0.7706878209578197,-0.005473082239643638,-0.8250164136283148,-0.0053278001331665175,-1.0345328770594224,-0.004549093952191884,-1.159913756015112,-0.0035504424500530244,-1.209850215631698,-0.0029663875686989473,-1.2679545864217212,0.002326156264124224,1.6055960105216465,0.0020530239565574454,-10.939364621803652,0.03513864777703945,,,,,,,,,,,,,,,,,,,,,,,,,,,,,,,,,,,,,,,,,,,5,0.62,0.65,2,1447,509742,200,300,10,2.701226657380523E-4,0
6,15,24,0.3696842035702324,-4.438002154653036,-0.17103729104170795,4.588657386093657,-0.10724090868066845,4.483064029662306,-0.05631433069206122,4.513673362729673,-0.027732217553993754,4.506938913926983,0.014627627151423373,1.3643146287728734,0.008924104529466358,1.592822363981632,-0.007196611508702747,-1.334272264011459,-0.005890079471835936,-1.0778013146203804,-0.005232337535347458,-0.8036286906945795,-0.0051459082486234094,-0.552434726365152,-0.005835836607250957,-0.4910643523848639,-0.0061835202816277295,-0.6650358578355808,-0.005915544076135033,-0.7666592488864339,-0.005221449575793096,-0.9116440909998852,-0.00485741380412614,-1.0499453100964242,-0.003979935155146086,-1.1516718819258827,-0.003820301917778964,-1.2360193949583944,0.003343853721515,1.6474077426599953,0.0029151923515442985,1.3332060056448634,0.0026570981939428853,1.0581199531968424,0.0022965153008247556,1.0047551111098976,0.0011410488903916037,0.7764508928159124,7.894871469005233E-4,0.35340503281684454,0.03823736591896253,,,,,,,,,,,,,,,,,,,,,,,,,,,,,,,,,6,0.65,0.71,2,1140,361019,200,300,10,2.442561607374332E-4,0
7,16,15,0.38111392538988326,1.7913730855758465,0.17107829334135863,1.4099875059993225,0.10018790442918372,1.3276907490102363,0.045309068164469946,1.3965382568558022,0.020634674251968625,1.4844406088791862,-0.012021004693936042,-1.361150729237521,-0.009419538118272668,-1.07193531063918,-0.008686386656555111,-0.9022414775899434,-0.00831453807507831,-0.8546626960838442,-0.0075795526801716254,-0.8254245317350547,-0.007565173774348553,-0.8284020823437561,-0.006711389953957339,-0.913499624579147,-0.005822506616647595,-1.1044846581557517,0.005170103725314073,-4.445564663147356,0.004620635428397295,1.7200633415406812,0.03237745528735618,,,,,,,,,,,,,,,,,,,,,,,,,,,,,,,,,,,,,,,,,,,,,,,,,,,7,0.71,0.77,2,415,142495,200,300,10,4.4789417119894934E-4,0
8,17,14,0.3987641674673887,1.7083932881273585,0.16905207390963337,1.3799091982062321,0.08747540983575364,1.3583551189809653,0.03196012248623499,1.5003645676451087,-0.016154527272345856,-1.3002239747228195,-0.012232588660605887,-0.9045569074667597,-0.010193047851354628,-0.7948499892226062,-0.011033818450035763,-0.6883604985261251,-0.008762190525425954,-0.7449186767068655,-0.008119903011322652,-0.9370971216936063,-0.007008054639220553,-0.9984990808029891,-0.007297163842360936,-0.9642398121708438,-0.006205105691025875,-1.392477080379418,0.00352525086138513,1.4619954888710742,0.028542465639746075,,,,,,,,,,,,,,,,,,,,,,,,,,,,,,,,,,,,,,,,,,,,,,,,,,,,,8,0.77,0.83,2,108,35247,100,150,5,8.817977104819766E-4,0
9,18,15,0.3273992569573753,-4.365964079452956,-0.1764266028091922,4.705768776259031,-0.11665697075497358,4.700684231006299,0.07536600186597164,1.4828751860208578,0.051639116142562794,1.4572504243382147,0.03342807029128518,1.3498175645703163,0.024532215990516432,1.1832346892386858,0.017570210218202792,1.0768428045880645,0.01323110850777772,1.0401389380779107,0.010099832261773887,0.864675388195114,0.007321885794271414,0.6372599786612049,0.004386787528814982,0.4722848167831745,0.002912293296468456,0.2761471040440416,0.002241795449161557,-0.16390836492707547,0.0018151493981245035,-0.5775287805737769,0.038037808894723614,,,,,,,,,,,,,,,,,,,,,,,,,,,,,,,,,,,,,,,,,,,,,,,,,,,0,0.35,0.41,3,44,29142,200,300,10,4.730734606513905E-4,0
10,19,17,0.3375743707741623,-4.313736036663843,0.16180644704392955,1.5794720404596687,0.12093049975077913,1.4608915340882984,0.07737972784989293,1.40569069823615,0.05478542081022298,1.3229476435993504,0.03848740108567867,1.3220940554771607,0.02482234704874991,1.2242788700638887,0.01669020227755677,1.053167077572614,0.012467296503736536,0.8645233638522517,0.00968549425853312,0.7251553420618558,0.006943556124934789,0.6189277303922427,0.004757283898740152,0.7183299666116815,0.0027736460571916783,0.542926176317116,0.0015355425956843458,0.011758754351201176,0.0012842565330228933,-0.29992415910617554,0.001082336899319888,-0.4050410460682639,5.888913212057505E-4,-1.0782928100120874,0.04140204115178222,,,,,,,,,,,,,,,,,,,,,,,,,,,,,,,,,,,,,,,,,,,,,,,1,0.41,0.47,3,566,301516,200,300,6,3.1699131184908684E-4,0
11,20,15,0.3350172688629358,-4.343842517223844,0.15871071648781257,1.5582341741269932,0.1202614731016201,1.4570423289485772,0.07919153680542708,1.3891847267727357,0.054867565308840766,1.35246425540319,0.035369861157754486,1.333479499113463,0.02191931487810399,1.1958772722867277,0.015328886547517588,1.0264990597916128,0.010787899697126357,0.9463907737520367,0.007363322923145146,0.8535827701963377,0.0054187996047142676,0.9236469651536133,0.003365841787298375,1.1100893231388516,8.837399192683557E-4,1.2315735377790953,-4.197017451904199E-4,-0.7973047050447233,-0.0012206328553197678,-0.10441252788966508,0.03701445555367598,,,,,,,,,,,,,,,,,,,,,,,,,,,,,,,,,,,,,,,,,,,,,,,,,,,2,0.47,0.53,3,1763,905847,300,500,6,3.091097032180434E-4,0
12,21,23,0.3387633895203709,-4.438113493149864,0.16525672270881206,1.4862008132598827,0.11771976216612745,1.433375055874605,0.07489703049287226,1.4046643636233829,0.045052058655886316,1.4067488332918525,0.02441364849023771,1.3325439239007641,0.013863791661044714,1.1883879949251204,0.008957934859331704,1.1079185111986811,0.005470919051570138,1.2505615391178309,-0.003262674031278687,-1.311612632394354,-0.002621964173016362,-0.43214900413736557,-0.0026233184279698413,-0.03584271605741188,-0.003519660940675406,0.05966524871903602,-0.004522838499209281,0.1111586779291303,-0.0046949244221943945,0.006957872288949143,-0.004993020116934448,-0.12785887573496377,-0.005383714393086114,-0.2687893650990901,-0.004781870791772011,-0.37555561370165447,-0.004425970737205473,-0.49016267209621533,-0.004724473012186561,-0.6100578765466005,-0.004317284853314416,-0.6914118471427811,-0.0036593633024480806,-0.8962265501020946,-0.0034345465265625203,-1.0710651038697114,0.03019574094825296,,,,,,,,,,,,,,,,,,,,,,,,,,,,,,,,,,,3,0.53,0.59,3,3214,1611518,300,500,7,3.7290024400817685E-4,0
13,22,24,0.35341073076019913,-4.51828462391074,0.1668038148196692,1.4400641754358074,0.10929585119162055,1.4046856474661744,0.061276647460772875,1.4408983348063267,0.03094228766801608,1.5121573771379901,0.015014227580330613,1.5602498789296113,0.009674830147130421,-4.556285051664685,-0.007482648562321504,-1.094950230396116,-0.006198513033124518,-0.6662834020724296,-0.006306048821902591,-0.45523512313506803,-0.0065172150930236815,-0.373094230654539,-0.006765092919143538,-0.3779745406755905,-0.006403623457693213,-0.47278310850490146,-0.005852642969896246,-0.5370528914325852,-0.005664655826023872,-0.605915025568162,-0.005115016295723908,-0.6713689325579749,-0.0044092697107570925,-0.865241876739588,-0.0037874745636596223,-0.983131264307949,-0.0035801751502453076,-1.2201835673287453,-0.0027894289495240727,-1.3853743940538805,0.002394240565767079,1.5372328398525912,0.00185666734858692,1.289056508139191,0.0012511729649723755,1.2866914057228243,0.0012306243944210475,1.0580375417134589,0.025758267152624297,,,,,,,,,,,,,,,,,,,,,,,,,,,,,,,,,4,0.59,0.62,3,1637,857507,300,500,10,2.0355766079390662E-4,0
14,23,24,0.3669682059310652,1.727109128398702,0.16347846920979772,1.4275980219264501,0.09998274959444899,1.3980850344731917,0.05171613242613406,1.4859150554263565,-0.024235723318165005,-1.5176593552452682,-0.0128039551358143,-1.3291606058267558,-0.00915392196649125,-1.1305239872897042,-0.007458199416770491,-0.9205205612442874,-0.006921348596458993,-0.6592975033220309,-0.006681294718417145,-0.5544563268117716,-0.0066187023548952275,-0.4913210597625484,-0.005942448759056814,-0.43762675359000436,-0.005965877048934214,-0.5102676642898163,-0.005289259967914059,-0.6831498993707682,-0.0046839569023410955,-0.8059396930610456,-0.003812462517671486,-0.9800880988215765,-0.0032839962235886332,-1.0924292756748428,-0.0027699362222047873,-1.1529666020717246,0.0020958725224622075,-4.591683617031204,0.0013684037326379573,1.292699071179733,0.0012386579968735956,1.2381119801305294,7.938624135890653E-4,1.2968875338899417,-2.2572653726680945E-4,-1.298134046466144,2.1279292928224702E-4,-0.39352543351911,0.02461284871658663,,,,,,,,,,,,,,,,,,,,,,,,,,,,,,,,,5,0.62,0.65,3,1165,610347,300,500,10,2.0759969262222998E-4,0
15,24,19,0.3540333731774607,1.7283931741625573,0.1691685636766184,1.4634950923623253,0.10795608617110776,1.4105080025317647,0.057797896350446056,1.4763349823815435,0.027819809233196366,1.5097071154110693,0.01340992938442425,1.579843978506714,-0.008516062039678935,-1.328624438857149,-0.006245913641041414,-0.9116462558469853,-0.006378334814919789,-0.5464344917611623,-0.006978312419323835,-0.23626378627523342,-0.008028899849581371,-0.15197211606730404,-0.007565192785320971,-0.2205630625558018,-0.007490703697335408,-0.33492168755391444,-0.0073982985118563275,-0.48379950970998054,-0.0068743830992540255,-0.6109928675928389,-0.005999796681726142,-0.7402909511559255,-0.005082579164775109,-0.9393977668209001,-0.0038623721265440935,-1.0336313215949042,-0.003374268159134894,-1.0730975559096418,0.026440028267873707,,,,,,,,,,,,,,,,,,,,,,,,,,,,,,,,,,,,,,,,,,,6,0.65,0.71,3,927,471496,300,800,10,3.2386544110083343E-4,0
16,25,15,0.3704776726455756,1.6710230895936051,0.16851609368340795,1.42702573208749,0.099793556825795,1.4327767056962175,0.04508558802611612,1.5489370208135116,-0.022376812928304162,-1.4270183309661542,-0.012711055928104323,-1.184747473084877,-0.010069934338711603,-0.8707332441489409,-0.008138450834114212,-0.6193145479411886,-0.008818441721100986,-0.5430398845715483,-0.008590364160519153,-0.48670809663444187,-0.00800864876467244,-0.5958914401969201,-0.007208095696074609,-0.651322967477565,-0.006920590519611621,-0.7007530228002293,-0.0060957298515657106,-0.8036391942239847,-0.005320631506946614,-0.8748983500522105,0.0216795459528714,,,,,,,,,,,,,,,,,,,,,,,,,,,,,,,,,,,,,,,,,,,,,,,,,,,7,0.71,0.77,3,322,171344,200,300,10,4.30817448133704E-4,0
17,26,15,0.3921931082783709,7.855123807112377,0.16541081904235677,1.4073392789560235,-0.08544723608719342,-1.6413708157017626,0.03304976155487381,7.936866857824793,-0.017903437054422027,-1.0886880602522258,-0.013346697446707,-0.7072125409189601,-0.012808603770787677,-0.4842472910457183,-0.010589709339255236,-0.5475041236994386,-0.01046536593097275,-0.6057497177198734,-0.00937083278147547,-0.6731654333557616,-0.008108397129356527,-0.766474872036602,-0.005479730808860204,-0.7757770198359766,-0.004821761155637045,-0.9347626806359784,-0.0035059825318589518,-1.1397297537968676,0.004037634666046298,1.4036400537748563,0.021352036939181456,,,,,,,,,,,,,,,,,,,,,,,,,,,,,,,,,,,,,,,,,,,,,,,,,,,8,0.77,0.83,3,76,43816,150,200,5,5.936237376625975E-4,0
18,27,13,0.3309354405438498,-4.37744865954383,-0.15684372665405688,4.732347237907924,-0.1187573191554481,4.611183040746669,0.07773384600207073,1.420097847249474,0.05235056847519032,1.3881883860400914,0.03746161014915347,1.4001299787506778,0.02436533074465992,1.4100158288280806,0.017068878692848604,1.2921475968175564,0.011248721334258338,0.9684794751325939,0.00816779992130135,0.8152522917415329,0.004174896471110878,0.7370293314987234,0.0020649126587267484,0.9511084733429986,9.900261164336912E-4,1.5614610928042258,0.031838206294998304,,,,,,,,,,,,,,,,,,,,,,,,,,,,,,,,,,,,,,,,,,,,,,,,,,,,,,,1,0.41,0.47,4,59,11410,200,300,10,7.360927347172569E-4,0
19,28,15,0.32540522004129324,-4.419678443454476,-0.15287485853341604,4.703516359722723,-0.11927374619835117,-1.6880434659646308,0.08009427500491602,1.415034044433446,0.05458487949128719,1.374185664385923,0.03640194692115241,1.3760050857525514,0.022162188763356128,1.313904386466235,0.01403061142752735,1.1935238572256,0.01062643586190636,1.0206460769267,0.0067412455390217264,1.127543386227012,0.0050713748889947416,1.169402100946259,0.0031653180077521213,1.3324343621452135,0.0018682182787617423,1.4203404819744152,-0.001988340090534286,-0.9492969054327032,-0.001882033965934747,0.10740154297680353,0.027568288993441676,,,,,,,,,,,,,,,,,,,,,,,,,,,,,,,,,,,,,,,,,,,,,,,,,,,2,0.47,0.53,4,205,39002,200,300,10,4.7719498007391494E-4,0
20,29,24,0.3291342535802707,-4.525967701082694,0.16023855467014275,1.4887124431967458,0.11712920997720976,1.4644888109134706,0.07575985357680753,1.4787012687634673,0.04665610371457091,1.5479380537358374,0.02570593793666995,1.537712083418926,0.014367045558075263,1.4246666017519583,0.008732477827178255,1.4197828558736307,-0.0062335256889255765,4.718474901475523,-0.004268888234998501,-1.101844786306672,-0.003743656739260966,-0.5124518161880219,-0.005385512410189759,-0.17808609553817034,-0.005209023407203291,0.032837549356291185,-0.004519837824411953,0.1799794394675698,-0.004411912172708546,0.021826621708280664,-0.005746139955143603,0.11551644124387633,-0.004386347326164228,-0.25679018635756273,-0.003861562743008834,-0.326831493704142,-0.003725954579009173,-0.09898881003967971,-0.00441755541464781,-0.3417077627159028,-0.00368820658080405,-0.2810246803603849,-0.0029315923405967594,-0.6557207610450697,-0.0023192135219712307,-0.7214298030263926,-0.00204404660317675,-0.8379478391470048,0.02153695832438761,,,,,,,,,,,,,,,,,,,,,,,,,,,,,,,,,3,0.53,0.59,4,336,57637,200,300,10,3.9297517950146637E-4,0
21,30,21,0.3432464723555232,1.679364152618004,0.16290669877773303,1.4659932226955137,0.11106761967180877,1.4795723415120627,0.06635708256534938,1.5378578202802504,-0.03346853151348632,-1.4866274142489706,0.01723502280216355,1.6663292882893115,-0.009383919083664968,-1.3401211199781304,-0.005877413812158933,-1.0605945465115116,-0.0043190254088519234,-0.49493997722984606,-0.004656181217335796,-0.37279808652259805,-0.0048107264222306155,0.05278032729157205,-0.005852502438191525,0.03928484982718029,-0.005355662713921913,0.16962512856803386,-0.005410902771686728,-0.00500056513007675,-0.004441442702339388,-0.2686389267880247,-0.005226049025174024,-0.136775728876515,-0.0051234605949000535,-0.5023275067558058,-0.0040220874280589534,-0.5216365021800917,-0.0026169017549685174,-0.3273394608809804,-0.002377949322061161,-0.4099545024115346,-0.001971979691687068,-0.04912268871805802,0.021212117758666073,,,,,,,,,,,,,,,,,,,,,,,,,,,,,,,,,,,,,,,4,0.59,0.65,4,265,47278,150,200,8,3.968973106213705E-4,0
22,31,22,0.3477824093048595,7.923805360285657,-0.16791883095524573,4.604172090864221,0.10967985489166926,1.4897911036400524,0.06195372678796088,1.5955466781576726,-0.031134257677144034,-1.448284977840017,-0.017269346307174933,-1.2917094330821919,-0.009154109984762761,-1.2039847714402796,-0.008253107803706404,-0.7104591729639161,-0.007220053661280618,-0.38422169280620216,-0.008764440447559457,-0.212829132082093,-0.008631606807567823,-0.028652458627459097,-0.007484029072610216,-0.12965289851094078,-0.005873671244499836,-0.026224987790723735,-0.007234960245470343,-0.13601962970469972,-0.005920670775983264,-0.07104922612049093,-0.00647330783760072,-0.015869928634237588,-0.004709334473075921,-0.2454708649694845,-0.003656509121011385,-0.5809378468811215,-0.0033974775908690957,-0.10780332107452088,-0.0018289603940103182,0.03309668337625096,-0.0018543965252283746,0.4622059422704935,-0.0014195970042441995,0.35584775793825923,0.019924479335402603,,,,,,,,,,,,,,,,,,,,,,,,,,,,,,,,,,,,,5,0.65,0.71,4,83,13454,80,100,8,6.354119925794835E-4,0
23,32,11,0.36439504835854686,1.5620184771083934,0.16437461454004776,1.432324308761476,0.09893683255217299,1.5268825573418319,-0.050255758771577265,-1.3910813468184327,-0.022824384693393544,-1.1315003280601699,-0.0116226138299721,-0.9145861047712494,-0.010781729885072191,-0.37585749300572735,-0.01332658942876942,-0.4097104082449566,-0.012092604437054065,-0.3205543275467315,-0.008529027513087642,-0.6331813510882317,-0.0047452549100697105,-0.2515924386516931,0.020319178359563195,,,,,,,,,,,,,,,,,,,,,,,,,,,,,,,,,,,,,,,,,,,,,,,,,,,,,,,,,,,6,0.71,0.83,4,40,6821,180,250,6,0.0013541760418147944,0
0,33,9,0.3342809680828506,-4.4958491919682055,0.16343197264391146,1.5068634912982266,0.10622352955099149,1.4856137388723216,0.06464982526927696,1.3999137043958758,0.04249955723874882,1.3597637879548488,0.026433407223515337,1.4289335841169597,0.01165914097202659,1.372629354538362,0.002312068434585185,1.1444930639171251,0.005285158274624321,1.2349165866952974,0.02616676559523661,,,,,,,,,,,,,,,,,,,,,,,,,,,,,,,,,,,,,,,,,,,,,,,,,,,,,,,,,,,,,,,0,0.35,0.47,5,50,2828,100,100,6,0.0017942713217171155,0
1,34,9,0.3320115858854703,-4.581790493989049,0.17810758134350121,1.4676229944326276,0.11104323943031125,1.5029830813058689,0.06876651165571859,1.504015510713283,-0.03577388272820068,4.6322300882295515,0.01920487828546609,1.568020013774985,0.01089963067881818,1.258025826884369,0.004556083637134334,1.624188522974658,0.002309554208304907,0.38608730441704453,0.02075669845504191,,,,,,,,,,,,,,,,,,,,,,,,,,,,,,,,,,,,,,,,,,,,,,,,,,,,,,,,,,,,,,,1,0.47,0.59,5,99,5925,100,100,6,0.001607446347738376,0
2,35,9,0.35340625269631354,1.5611231518896513,0.17206620006414894,1.509394212089072,0.09938514977445224,1.5916965943137609,0.04878673343576632,1.6773940375277887,-0.025777392764380097,-1.4411661720906643,-0.014212206388500377,-1.4391150044044696,-0.012416958256973195,-0.6344333264548517,-0.00897734746699884,-0.7089037367935949,-0.006348344149027429,-0.058444046215921815,0.018207397201613927,,,,,,,,,,,,,,,,,,,,,,,,,,,,,,,,,,,,,,,,,,,,,,,,,,,,,,,,,,,,,,,2,0.59,0.71,5,60,3338,100,100,6,0.00215960847744868,0
3,36,5,0.3720288625543491,1.5138008596561945,0.1811906171728374,1.6072967320616587,-0.09016880753612543,-1.2868254740697644,-0.030381209934636427,-1.4031077931508593,-0.018574916656804222,-0.8476877799845528,0.022101870191065433,,,,,,,,,,,,,,,,,,,,,,,,,,,,,,,,,,,,,,,,,,,,,,,,,,,,,,,,,,,,,,,,,,,,,,,3,0.71,0.83,5,8,451,55,55,6,0.005002573931087756,0
